feature_name,feature_group,importance_ai,importance_cloud,importance_data,importance_software
skill_ai,Technical Skill,0.0347829839967096,0.0017881592807827999,0.0742602970797716,0.007990989066736929
skill_autocad,Technical Skill,0.0009997299836627018,0.0,0.01218940785033528,0.008918822453290643
skill_cad,Technical Skill,0.018818943173082983,0.0017027527022485808,0.006263226050972138,0.02794888295149599
skill_cloud,Technical Skill,0.0077311023867872326,0.0004983109514681073,0.03398646150571249,0.008309413733807754
skill_communication,Technical Skill,0.01045407979962006,0.0004960056033199137,0.02484197361344994,0.004207040811518506
skill_critical_thinking,Technical Skill,0.010926534154575179,0.0007576399144325343,0.030431556235305492,0.0048815108715163725
skill_data_analysis,Technical Skill,0.0034349088745113054,6.37984037121012e-05,0.007138327345276312,0.001038996825144964
skill_database_design,Technical Skill,0.042524702011409655,0.011386667795249607,0.030655228989166554,0.007583051981629497
skill_database_systems,Technical Skill,0.05027601574641755,0.10021041653265211,0.031580881945190264,0.03513498645085793
skill_design,Technical Skill,0.0018506653580771604,0.0,0.010778949959039592,0.012528612608749446
skill_design_optimization,Technical Skill,0.0840512779412157,0.0008543033083465433,0.07809759093153341,0.0059183118653644545
skill_excel,Technical Skill,0.00388677780697304,0.00018095521013355956,0.010232606112846354,0.0016285206351578862
skill_experimentation,Technical Skill,0.0036462488240518055,5.8264423899839536e-05,0.008617329827231516,0.0009493773745432256
skill_lab_work,Technical Skill,0.0047384494315290135,0.0001821863082313987,0.01473872517441479,0.001994404375226479
skill_machine_learning,Technical Skill,0.0012728688422376127,1.4116261307272525e-05,0.013728936153964361,0.010612092554445951
skill_matlab,Technical Skill,0.02537383481861218,0.0019553205479279105,0.01739392933469681,0.021031863737721382
skill_negotiation,Technical Skill,0.004063819201007729,0.00030271826242762574,0.01042931330062079,0.0017522054911789813
skill_observation,Technical Skill,0.005274318404846361,0.0003938185421406592,0.015598590655777091,0.0025611183152765933
skill_plc,Technical Skill,0.001996321750790968,2.901794716676749e-05,0.01251199233821183,0.013256485697195905
skill_power_analysis,Technical Skill,0.02329031765110006,0.002769006419218826,0.007060343415536146,0.011196112693149194
skill_programming,Technical Skill,0.00957573316670228,0.0004459731747531735,0.042257054522528516,0.009506489242872439
skill_pscad,Technical Skill,0.0018338457116785821,6.380237034638645e-05,0.01526865462580016,0.015832400213883314
skill_python,Technical Skill,0.027675981362508182,0.02483859031670205,0.15216902084694994,0.03317011408495347
skill_recording,Technical Skill,0.004269567934201649,0.0002536449349851564,0.0118823678693203,0.0015950095339480003
skill_research,Technical Skill,0.005544104542719619,0.0004600623411357044,0.016565819130256353,0.0025288600787504484
skill_sales,Technical Skill,0.0038412256281287883,0.00018920221726496396,0.009883438364543924,0.0016361062033803454
skill_simulation,Technical Skill,0.015400263087286306,7.432051210543806e-05,0.011514924158966856,0.002738501726471505
skill_team_management,Technical Skill,0.003475269707307055,0.0002315011940320571,0.008748267032460354,0.0014027416832196181
skill_web_development,Technical Skill,0.04943331095602635,0.09351244745677675,0.027390063407898665,0.034213511745258975
