feature,feature_type,mutual_info,chi2_stat,chi2_p_value,overall_prevalence,prev_aiml,prev_cloud,prev_dabi,prev_sde,structure_flag
Education_Level_BCA,Categorical,0.3096922919046007,76.47631408176512,1.74845450789404e-16,0.2395833283662796,0.0,1.0,0.0,0.46268656849861145,"Strong dataset structure: saturated (>=95%) in [Cloud, DevOps & Systems Engineering]"
Specialization_Computer Applications,Categorical,0.3096922919046007,76.47631408176512,1.74845450789404e-16,0.2395833283662796,0.0,1.0,0.0,0.46268656849861145,"Strong dataset structure: saturated (>=95%) in [Cloud, DevOps & Systems Engineering]"
skill_web_development,Skill,0.3096922919046007,76.47631408176512,1.74845450789404e-16,0.23958333333333334,0.0,1.0,0.0,0.4626865671641791,"Strong dataset structure: saturated (>=95%) in [Cloud, DevOps & Systems Engineering]"
skill_database_systems,Skill,0.3096922919046007,76.47631408176512,1.74845450789404e-16,0.23958333333333334,0.0,1.0,0.0,0.4626865671641791,"Strong dataset structure: saturated (>=95%) in [Cloud, DevOps & Systems Engineering]"
skill_python,Skill,0.2698517793601234,39.58173154932845,1.3067944407924801e-08,0.4947916666666667,0.5081967213114754,1.0,0.0,0.7313432835820896,Strong dataset structure: exclusively absent in [Data Analytics & Business Intelligence]
Education_Level_B.Sc,Categorical,0.2519441643827651,84.6326530612244,3.1117554296776414e-18,0.1510416716337204,0.0,0.0,0.5918367505073547,0.0,Strong dataset structure: exclusively present in [Data Analytics & Business Intelligence]
Education_Level_MCA,Categorical,0.18967843619979557,38.86723758257893,1.8517820520704673e-08,0.3125,0.6229507923126221,0.0,0.0,0.3283582031726837,Normal distribution
Education_Level_BBA,Categorical,0.16157523895628698,58.36734693877546,1.3121242882203133e-12,0.1041666641831398,0.0,0.0,0.40816327929496765,0.0,Strong dataset structure: exclusively present in [Data Analytics & Business Intelligence]
Education_Level_M.Tech,Categorical,0.1559958175123194,49.393442622950836,1.075634687221206e-10,0.1197916641831398,0.37704917788505554,0.0,0.0,0.0,Strong dataset structure: exclusively present in [AI & Machine Learning Engineering]
skill_database_design,Skill,0.10693830756798925,27.751493256955353,4.095461036398778e-06,0.17708333333333334,0.39344262295081966,0.0,0.0,0.14925373134328357,Normal distribution
Specialization_Information Systems,Categorical,0.10060578582437851,25.17045438189958,1.4223863791298716e-05,0.1770833283662796,0.37704917788505554,0.0,0.0,0.16417910158634186,Normal distribution
Specialization_Computer Science,Categorical,0.09796244985407332,21.39530990431794,8.713699284204194e-05,0.1979166716337204,0.3606557250022888,0.0,0.0,0.23880596458911896,Normal distribution
skill_ai,Skill,0.08553826083209429,20.23978468314168,0.00015138555827255777,0.16666666666666666,0.32786885245901637,0.0,0.0,0.1791044776119403,Normal distribution
Education_Level_B.Tech,Categorical,0.08225367393963828,26.119402985074643,9.00385446581951e-06,0.0729166641831398,0.0,0.0,0.0,0.20895522832870483,Strong dataset structure: exclusively present in [Software Development & Engineering]
Specialization_Mathematics,Categorical,0.07546668735933698,29.18367346938773,2.04898297350395e-06,0.0520833320915699,0.0,0.0,0.20408163964748383,0.0,Strong dataset structure: exclusively present in [Data Analytics & Business Intelligence]
skill_critical_thinking,Skill,0.06749546362755618,26.265306122448955,8.392133666252637e-06,0.046875,0.0,0.0,0.1836734693877551,0.0,Strong dataset structure: exclusively present in [Data Analytics & Business Intelligence]
Specialization_Biology,Categorical,0.06749546362755618,26.265306122448955,8.392133666252637e-06,0.046875,0.0,0.0,0.18367347121238708,0.0,Strong dataset structure: exclusively present in [Data Analytics & Business Intelligence]
skill_design_optimization,Skill,0.06286299966523862,21.475409836065584,8.385978035884315e-05,0.052083333333333336,0.16393442622950818,0.0,0.0,0.0,Strong dataset structure: exclusively present in [AI & Machine Learning Engineering]
skill_cloud,Skill,0.061389907500265184,13.599028815569076,0.0035050081642907156,0.13541666666666666,0.22950819672131148,0.0,0.0,0.1791044776119403,Normal distribution
skill_programming,Skill,0.061389907500265184,13.599028815569076,0.0035050081642907156,0.13541666666666666,0.22950819672131148,0.0,0.0,0.1791044776119403,Normal distribution
skill_research,Skill,0.05962600081633629,23.34693877551019,3.418718327940723e-05,0.041666666666666664,0.0,0.0,0.16326530612244897,0.0,Strong dataset structure: exclusively present in [Data Analytics & Business Intelligence]
skill_communication,Skill,0.05962600081633629,23.34693877551019,3.418718327940723e-05,0.041666666666666664,0.0,0.0,0.16326530612244897,0.0,Strong dataset structure: exclusively present in [Data Analytics & Business Intelligence]
skill_lab_work,Skill,0.05962600081633629,23.34693877551019,3.418718327940723e-05,0.041666666666666664,0.0,0.0,0.16326530612244897,0.0,Strong dataset structure: exclusively present in [Data Analytics & Business Intelligence]
Specialization_Management,Categorical,0.05962600081633629,23.34693877551019,3.418718327940723e-05,0.0416666679084301,0.0,0.0,0.16326530277729034,0.0,Strong dataset structure: exclusively present in [Data Analytics & Business Intelligence]
skill_observation,Skill,0.05185527682460807,20.428571428571416,0.00013833499700108149,0.036458333333333336,0.0,0.0,0.14285714285714285,0.0,Strong dataset structure: exclusively present in [Data Analytics & Business Intelligence]
skill_recording,Skill,0.05185527682460807,20.428571428571416,0.00013833499700108149,0.036458333333333336,0.0,0.0,0.14285714285714285,0.0,Strong dataset structure: exclusively present in [Data Analytics & Business Intelligence]
skill_cad,Skill,0.04557935271105931,14.92537313432837,0.0018815461226307333,0.041666666666666664,0.0,0.0,0.0,0.11940298507462686,Strong dataset structure: exclusively present in [Software Development & Engineering]
Specialization_Marketing,Categorical,0.04418041919833922,17.51020408163264,0.0005549494443566035,0.03125,0.0,0.0,0.12244898080825806,0.0,Strong dataset structure: exclusively present in [Data Analytics & Business Intelligence]
skill_team_management,Skill,0.04418041919833922,17.51020408163264,0.0005549494443566035,0.03125,0.0,0.0,0.12244897959183673,0.0,Strong dataset structure: exclusively present in [Data Analytics & Business Intelligence]
skill_sales,Skill,0.04418041919833922,17.51020408163264,0.0005549494443566035,0.03125,0.0,0.0,0.12244897959183673,0.0,Strong dataset structure: exclusively present in [Data Analytics & Business Intelligence]
skill_negotiation,Skill,0.04418041919833922,17.51020408163264,0.0005549494443566035,0.03125,0.0,0.0,0.12244897959183673,0.0,Strong dataset structure: exclusively present in [Data Analytics & Business Intelligence]
skill_excel,Skill,0.04418041919833922,17.51020408163264,0.0005549494443566035,0.03125,0.0,0.0,0.12244897959183673,0.0,Strong dataset structure: exclusively present in [Data Analytics & Business Intelligence]
Specialization_Physics,Categorical,0.04418041919833922,17.51020408163264,0.0005549494443566035,0.03125,0.0,0.0,0.12244898080825806,0.0,Strong dataset structure: exclusively present in [Data Analytics & Business Intelligence]
Specialization_Finance,Categorical,0.04418041919833922,17.51020408163264,0.0005549494443566035,0.03125,0.0,0.0,0.12244898080825806,0.0,Strong dataset structure: exclusively present in [Data Analytics & Business Intelligence]
Specialization_Structural Engineering,Categorical,0.04330789890491042,15.032786885245903,0.0017888435865844928,0.0364583320915699,0.1147540956735611,0.0,0.0,0.0,Strong dataset structure: exclusively present in [AI & Machine Learning Engineering]
skill_power_analysis,Skill,0.04330789890491042,15.032786885245903,0.0017888435865844928,0.036458333333333336,0.11475409836065574,0.0,0.0,0.0,Strong dataset structure: exclusively present in [AI & Machine Learning Engineering]
skill_simulation,Skill,0.03692838329110708,12.885245901639347,0.004891455396078499,0.03125,0.09836065573770492,0.0,0.0,0.0,Strong dataset structure: exclusively present in [AI & Machine Learning Engineering]
skill_data_analysis,Skill,0.036598694596401735,14.591836734693866,0.002200860356618428,0.026041666666666668,0.0,0.0,0.10204081632653061,0.0,Strong dataset structure: exclusively present in [Data Analytics & Business Intelligence]
skill_experimentation,Skill,0.036598694596401735,14.591836734693866,0.002200860356618428,0.026041666666666668,0.0,0.0,0.10204081632653061,0.0,Strong dataset structure: exclusively present in [Data Analytics & Business Intelligence]
skill_matlab,Skill,0.031360672791629476,7.193890034604502,0.06596800044806848,0.07291666666666667,0.09836065573770492,0.0,0.0,0.11940298507462686,Normal distribution
Specialization_Power Systems,Categorical,0.03061556793813923,10.737704918032792,0.013232142830248029,0.02604166604578495,0.08196721225976944,0.0,0.0,0.0,Strong dataset structure: exclusively present in [AI & Machine Learning Engineering]
Specialization_Chemistry,Categorical,0.029107499216392274,11.673469387755095,0.008589676174515476,0.02083333395421505,0.0,0.0,0.08163265138864517,0.0,Strong dataset structure: exclusively present in [Data Analytics & Business Intelligence]
skill_design,Skill,0.022349503545705612,7.462686567164185,0.05852498458597659,0.020833333333333332,0.0,0.0,0.0,0.05970149253731343,Strong dataset structure: exclusively present in [Software Development & Engineering]
Specialization_Mechanical,Categorical,0.022349503545705612,7.462686567164185,0.05852498458597659,0.02083333395421505,0.0,0.0,0.0,0.05970149114727974,Strong dataset structure: exclusively present in [Software Development & Engineering]
skill_pscad,Skill,0.022349503545705612,7.462686567164185,0.05852498458597659,0.020833333333333332,0.0,0.0,0.0,0.05970149253731343,Strong dataset structure: exclusively present in [Software Development & Engineering]
skill_plc,Skill,0.022349503545705612,7.462686567164185,0.05852498458597659,0.020833333333333332,0.0,0.0,0.0,0.05970149253731343,Strong dataset structure: exclusively present in [Software Development & Engineering]
Interests_Creativity,Categorical,0.018647603092874776,6.067144704713303,0.10838879596369085,0.078125,0.14754098653793335,0.0,0.06122449040412903,0.04477611929178238,Normal distribution
Specialization_Electrical,Categorical,0.0166824865566972,5.597014925373138,0.1329498330828904,0.015625,0.0,0.0,0.0,0.04477611929178238,Normal distribution
Specialization_Electronics,Categorical,0.015325670338170963,4.303890384144852,0.23046413809995314,0.03125,0.06557376682758331,0.0,0.0,0.02985074557363987,Normal distribution
skill_autocad,Skill,0.011069295639913573,3.7313432835820923,0.29197369244252713,0.010416666666666666,0.0,0.0,0.0,0.029850746268656716,Normal distribution
skill_machine_learning,Skill,0.011069295639913573,3.7313432835820923,0.29197369244252713,0.010416666666666666,0.0,0.0,0.0,0.029850746268656716,Normal distribution
Interests_Social Work,Categorical,0.010341351177424934,3.7865981497488743,0.2854488439172457,0.0989583358168602,0.06557376682758331,0.20000000298023224,0.06122449040412903,0.13432836532592773,Normal distribution
Interests_Design,Categorical,0.009502598750517996,3.58960246223584,0.3093255694775718,0.0989583358168602,0.06557376682758331,0.20000000298023224,0.1428571492433548,0.0746268630027771,Normal distribution
Interests_Business,Categorical,0.009480164494876944,2.9278311778631725,0.4028865529667023,0.1510416716337204,0.1803278625011444,0.06666667014360428,0.20408163964748383,0.10447761416435242,Normal distribution
Interests_Teaching,Categorical,0.009213567259697589,1.9671298908601884,0.5792569712667295,0.09375,0.09836065769195557,0.0,0.08163265138864517,0.11940298229455948,Normal distribution
Interests_Helping People,Categorical,0.005339198923501667,1.7207108652122507,0.6323391551297068,0.1041666641831398,0.1147540956735611,0.06666667014360428,0.06122449040412903,0.13432836532592773,Normal distribution
Interests_Technology,Categorical,0.003497960549004517,1.1599889829085266,0.7626157163537838,0.0989583358168602,0.06557376682758331,0.13333334028720856,0.12244898080825806,0.10447761416435242,Normal distribution
Interests_Research,Categorical,0.0024984766517022056,0.9168663207881653,0.8213557876473399,0.125,0.13114753365516663,0.20000000298023224,0.10204081982374191,0.11940298229455948,Normal distribution
Interests_Management,Categorical,0.001839208206968642,0.6237207020136952,0.8909812325755209,0.0989583358168602,0.08196721225976944,0.06666667014360428,0.10204081982374191,0.11940298229455948,Normal distribution
Interests_Healthcare,Categorical,0.0005854896433982529,0.2184219751027388,0.9745619614018599,0.0520833320915699,0.04918032884597778,0.06666667014360428,0.06122449040412903,0.04477611929178238,Normal distribution
