config_id,model_name,class_weight,fold,validation_support,tp,fp,fn,precision,recall,f1
A1,Logistic Regression,None,1,3,0,0,3,0.0,0.0,0.0
A1,Logistic Regression,None,2,3,0,0,3,0.0,0.0,0.0
A1,Logistic Regression,None,3,3,0,0,3,0.0,0.0,0.0
A1,Logistic Regression,None,4,3,0,2,3,0.0,0.0,0.0
A1,Logistic Regression,None,5,3,0,0,3,0.0,0.0,0.0
A2,Logistic Regression,balanced,1,3,1,8,2,0.1111111111111111,0.3333333333333333,0.16666666666666666
A2,Logistic Regression,balanced,2,3,3,4,0,0.42857142857142855,1.0,0.6
A2,Logistic Regression,balanced,3,3,2,1,1,0.6666666666666666,0.6666666666666666,0.6666666666666666
A2,Logistic Regression,balanced,4,3,2,4,1,0.3333333333333333,0.6666666666666666,0.4444444444444444
A2,Logistic Regression,balanced,5,3,3,5,0,0.375,1.0,0.5454545454545454
A3,Random Forest,None,1,3,0,5,3,0.0,0.0,0.0
A3,Random Forest,None,2,3,0,0,3,0.0,0.0,0.0
A3,Random Forest,None,3,3,0,0,3,0.0,0.0,0.0
A3,Random Forest,None,4,3,0,3,3,0.0,0.0,0.0
A3,Random Forest,None,5,3,0,1,3,0.0,0.0,0.0
A4,Random Forest,balanced,1,3,1,8,2,0.1111111111111111,0.3333333333333333,0.16666666666666666
A4,Random Forest,balanced,2,3,3,4,0,0.42857142857142855,1.0,0.6
A4,Random Forest,balanced,3,3,2,1,1,0.6666666666666666,0.6666666666666666,0.6666666666666666
A4,Random Forest,balanced,4,3,2,4,1,0.3333333333333333,0.6666666666666666,0.4444444444444444
A4,Random Forest,balanced,5,3,3,5,0,0.375,1.0,0.5454545454545454
