model,career_track,precision,recall,f1,support
Stratified Dummy,AI & Machine Learning Engineering,0.0,0.0,0.0,61
Stratified Dummy,"Cloud, DevOps & Systems Engineering",0.0,0.0,0.0,15
Stratified Dummy,Data Analytics & Business Intelligence,0.0,0.0,0.0,49
Stratified Dummy,Software Development & Engineering,0.349,1.0,0.5174,67
Logistic Regression,AI & Machine Learning Engineering,0.7333,0.9016,0.8088,61
Logistic Regression,"Cloud, DevOps & Systems Engineering",0.0,0.0,0.0,15
Logistic Regression,Data Analytics & Business Intelligence,1.0,1.0,1.0,49
Logistic Regression,Software Development & Engineering,0.6818,0.6716,0.6767,67
Random Forest,AI & Machine Learning Engineering,0.7101,0.8033,0.7538,61
Random Forest,"Cloud, DevOps & Systems Engineering",0.3333,0.7333,0.4583,15
Random Forest,Data Analytics & Business Intelligence,1.0,1.0,1.0,49
Random Forest,Software Development & Engineering,0.6098,0.3731,0.463,67
