raw_skill,normalized_skill,frequency
Python,python,116
Web Development,web_development,59
Databases,database_systems,59
AI,ai,45
Database Design,database_design,39
Programming,programming,36
Cloud,cloud,36
MATLAB,matlab,18
Research,research,11
Lab Work,lab_work,11
Design Optimization,design_optimization,11
Communication,communication,10
Power Analysis,power_analysis,9
Critical Thinking,critical_thinking,9
Simulation,simulation,9
Sales,sales,9
Negotiation,negotiation,9
CAD,cad,9
Team Management,team_management,8
Excel,excel,8
Observation,observation,8
Recording,recording,8
Data Analysis,data_analysis,7
Experimentation,experimentation,7
PLC,plc,5
PSCAD,pscad,5
Design,design,5
Machine Learning,machine_learning,2
AutoCAD,autocad,2
